Country,"Density
(P/Km2)",Abbreviation,Agricultural Land( %),Land Area(Km2),Armed Forces size,Birth Rate,Calling Code,Capital/Major City,Co2-Emissions,CPI,CPI Change (%),Currency-Code,Fertility Rate,Forested Area (%),Gasoline Price,GDP,Gross primary education enrollment (%),Gross tertiary education enrollment (%),Infant mortality,Largest city,Life expectancy,Maternal mortality ratio,Minimum wage,Official language,Out of pocket health expenditure,Physicians per thousand,Population,Population: Labor force participation (%),Tax revenue (%),Total tax rate,Unemployment rate,Urban_population,Latitude,Longitude
Afghanistan,60.00,AF,0.58,652230.00,323000.00,32.49,93,Kabul,8672.00,149.9,0.02,AFN,4.47,0.02,0.70,"$19,101,353,833 ",1.04,0.10,47.9,Kabul,64.5,638,0.43,Pashto,0.78,0.28,38041754.00,0.49,0.09,0.71,0.11,9797273.00,33.93911,67.709953
Albania,105.00,AL,0.43,28748.00,9000.00,11.78,355,Tirana,4536.00,119.05,0.01,ALL,1.62,0.28,1.36,"$15,278,077,447 ",1.07,0.55,7.8,Tirana,78.5,15,1.12,Albanian,0.57,1.2,2854191.00,0.56,0.19,0.37,0.12,1747593.00,41.153332,20.168331
Algeria,18.00,DZ,0.17,2381741.00,317000.00,24.28,213,Algiers,150006.00,151.36,0.02,DZD,3.02,0.01,0.28,"$169,988,236,398 ",1.10,0.51,20.1,Algiers,76.7,112,0.95,Arabic,0.28,1.72,43053054.00,0.41,0.37,0.66,0.12,31510100.00,28.033886,1.659626
Angola,26.00,AO,0.48,1246700.00,117000.00,40.73,244,Luanda,34693.00,261.73,0.17,AOA,5.52,0.46,0.97,"$94,635,415,870 ",1.14,0.09,51.6,Luanda,60.8,241,0.71,Portuguese,0.33,0.21,31825295.00,0.78,0.09,0.49,0.07,21061025.00,-11.202692,17.873887
Argentina,17.00,AR,0.54,2780400.00,105000.00,17.02,54,Buenos Aires,201348.00,232.75,0.54,ARS,2.26,0.10,1.10,"$449,663,446,954 ",1.10,0.90,8.8,Buenos Aires,76.5,39,3.35,Spanish,0.18,3.96,44938712.00,0.61,0.10,1.06,0.10,41339571.00,-38.416097,-63.616672
Armenia,104.00,AM,0.59,29743.00,49000.00,13.99,374,Yerevan,5156.00,129.18,0.01,AMD,1.76,0.12,0.77,"$13,672,802,158 ",0.93,0.55,11,Yerevan,74.9,26,0.66,Armenian,0.82,4.4,2957731.00,0.56,0.21,0.23,0.17,1869848.00,40.069099,45.038189
Australia,3.00,AU,0.48,7741220.00,58000.00,12.6,61,Canberra,375908.00,119.8,0.02,AUD,1.74,0.16,0.93,"$1,392,680,589,329 ",1.00,1.13,3.1,Sydney,82.7,6,13.59,None,0.20,3.68,25766605.00,0.66,0.23,0.47,0.05,21844756.00,-25.274398,133.775136
Austria,109.00,AT,0.32,83871.00,21000.00,9.7,43,Vienna,61448.00,118.06,0.02,EUR,1.47,0.47,1.20,"$446,314,739,528 ",1.03,0.85,2.9,Vienna,81.6,5,,German,0.18,5.17,8877067.00,0.61,0.25,0.51,0.05,5194416.00,47.516231,14.550072
Azerbaijan,123.00,AZ,0.58,86600.00,82000.00,14,994,Baku,37620.00,156.32,0.03,AZN,1.73,0.14,0.56,"$39,207,000,000 ",1.00,0.28,19.2,Baku,72.9,26,0.47,Azerbaijani language,0.79,3.45,10023318.00,0.67,0.13,0.41,0.06,5616165.00,40.143105,47.576927
Bahrain,2239.00,BH,0.11,765.00,19000.00,13.99,973,Manama,31694.00,117.59,0.02,BHD,1.99,0.01,0.43,"$38,574,069,149 ",0.99,0.51,6.1,Riffa,77.2,14,,Arabic,0.25,0.93,1501635.00,0.73,0.04,0.14,0.01,1467109.00,26.0667,50.5577
Bangladesh,1265.00,BD,0.71,148460.00,221000.00,18.18,880,Dhaka,84246.00,179.68,0.06,BDT,2.04,0.11,1.12,"$302,571,254,131 ",1.17,0.21,25.1,Dhaka,72.3,173,0.51,Bengali,0.72,0.58,167310838.00,0.59,0.09,0.33,0.04,60987417.00,23.684994,90.356331
Barbados,668.00,BB,0.23,430.00,1000.00,10.65,1,Bridgetown,1276.00,134.09,0.04,BBD,1.62,0.15,1.81,"$5,209,000,000 ",0.99,0.65,11.3,Bridgetown,79.1,27,3.13,English,0.45,2.48,287025.00,0.65,0.28,0.36,0.10,89431.00,13.193887,-59.543198
Belgium,383.00,BE,0.45,30528.00,32000.00,10.3,32,City of Brussels,96889.00,117.11,0.01,EUR,1.62,0.23,1.43,"$529,606,710,418 ",1.04,0.80,2.9,Brussels,81.6,5,10.31,French,0.18,3.07,11484055.00,0.54,0.24,0.55,0.06,11259082.00,50.503887,4.469936
Belize,17.00,BZ,0.07,22966.00,2000.00,20.79,501,Belmopan,568.00,105.68,-0.01,BZD,2.31,0.60,1.13,"$1,879,613,600 ",1.12,0.25,11.2,Belize City,74.5,36,1.65,English,0.23,1.12,390353.00,0.65,0.26,0.31,0.06,179039.00,17.189877,-88.49765
Benin,108.00,BJ,0.33,112622.00,12000.00,36.22,229,Porto-Novo,6476.00,110.71,-0.01,XOF,4.84,0.38,0.72,"$14,390,709,095 ",1.22,0.12,60.5,Cotonou,61.5,397,0.39,French,0.41,0.08,11801151.00,0.71,0.11,0.49,0.02,5648149.00,9.30769,2.315834
Brazil,25.00,BR,0.34,8515770.00,730000.00,13.92,55,Bras・ｿｽ・ｿｽ・ｿｽ,462299.00,167.4,0.04,BRL,1.73,0.59,1.02,"$1,839,758,040,766 ",1.15,0.51,12.8,S・ｿｽ・ｿｽ・ｿｽ・ｿｽ,75.7,60,1.53,Portuguese,0.28,2.15,212559417.00,0.64,0.14,0.65,0.12,183241641.00,-14.235004,-51.92528
Bulgaria,64.00,BG,0.46,110879.00,31000.00,8.9,359,Sofia,41708.00,114.42,0.03,BGN,1.56,0.35,1.11,"$86,000,000,000 ",0.89,0.71,5.9,Sofia,74.9,10,1.57,Bulgarian,0.48,4.03,6975761.00,0.55,0.20,0.28,0.04,5256027.00,42.733883,25.48583
Burkina Faso,76.00,BF,0.44,274200.00,11000.00,37.93,226,Ouagadougou,3418.00,106.58,-0.03,XOF,5.19,0.19,0.98,"$15,745,810,235 ",0.96,0.07,49,Ouagadougou,61.2,320,0.34,French,0.36,0.08,20321378.00,0.66,0.15,0.41,0.06,6092349.00,12.238333,-1.561593
Ivory Coast,83.00,CI,0.65,322463.00,27000.00,35.74,225,Yamoussoukro,9674.00,111.61,-0.01,XOF,4.65,0.33,0.93,"$58,792,205,642 ",1.00,0.09,59.4,Abidjan,57.4,617,0.36,French,0.36,0.23,25716544.00,0.57,0.12,0.50,0.03,13176900.00,7.539989,-5.54708
Cape Verde,138.00,CV,0.20,4033.00,1000.00,19.49,238,Praia,543.00,110.5,0.01,CVE,2.27,0.23,1.02,"$1,981,845,741 ",1.04,0.24,16.7,Praia,72.8,58,0.68,Portuguese,0.23,0.77,483628.00,0.61,0.20,0.38,0.12,364029.00,16.5388,-23.0418
Cameroon,56.00,CM,0.21,475440.00,24000.00,35.39,237,Yaound・ｿｽ,8291.00,118.65,0.03,XAF,4.57,0.39,1.03,"$38,760,467,033 ",1.03,0.13,50.6,Douala,58.9,529,0.35,French,0.70,0.09,25876380.00,0.76,0.13,0.58,0.03,14741256.00,7.369722,12.354722
Canada,4.00,CA,0.07,9984670.00,72000.00,10.1,1,Ottawa,544894.00,116.76,0.02,CAD,1.5,0.38,0.81,"$1,736,425,629,520 ",1.01,0.69,4.3,Toronto,81.9,10,9.51,French,0.15,2.61,36991981.00,0.65,0.13,0.25,0.06,30628482.00,56.130366,-106.346771
Chile,26.00,CL,0.21,756096.00,122000.00,12.43,56,Santiago,85822.00,131.91,0.03,CLP,1.65,0.24,1.03,"$282,318,159,745 ",1.01,0.89,6.2,Santiago,80,13,2.00,Spanish,0.32,2.59,18952038.00,0.63,0.18,0.34,0.07,16610135.00,-35.675147,-71.542969
China,153.00,CN,0.56,9596960.00,2695000.00,10.9,86,Beijing,9893038.00,125.08,0.03,CNY,1.69,0.22,0.96,"$19,910,000,000,000 ",1.00,0.51,7.4,Shanghai,77,29,0.87,Standard Chinese,0.32,1.98,1397715000.00,0.68,0.09,0.59,0.04,842933962.00,35.86166,104.195397
Colombia,46.00,CO,0.40,1138910.00,481000.00,14.88,57,Bogot・ｿｽ,97814.00,140.95,0.04,COP,1.81,0.53,0.68,"$323,802,808,108 ",1.15,0.55,12.2,Bogot・ｿｽ,77.1,83,1.23,Spanish,0.18,2.18,50339443.00,0.69,0.14,0.71,0.10,40827302.00,4.570868,-74.297333
Costa Rica,100.00,CR,0.35,51100.00,10000.00,13.97,506,San Jos・ｿｽ・ｿｽ・ｿｽ・ｿｽ・ｿｽ・ｿｽ,8023.00,128.85,0.02,CRC,1.75,0.55,0.98,"$61,773,944,174 ",1.13,0.55,7.6,San Jos・ｿｽ・ｿｽ・ｿｽ・ｿｽ・ｿｽ・ｿｽ,80.1,27,1.84,Spanish,0.22,2.89,5047561.00,0.62,0.14,0.58,0.12,4041885.00,9.748917,-83.753428
Croatia,73.00,HR,0.28,56594.00,18000.00,9,385,Zagreb,17488.00,109.82,0.01,HRK,1.47,0.34,1.26,"$60,415,553,039 ",0.97,0.68,4,Zagreb,78.1,8,2.92,Croatian,0.15,3,4067500.00,0.51,0.22,0.21,0.07,2328318.00,45.1,15.2
Czech Republic,139.00,CZ,0.45,78867.00,23000.00,10.7,420,Prague,102218.00,116.48,0.03,CZK,1.69,0.35,1.17,"$246,489,245,495 ",1.01,0.64,2.7,Prague,79,3,3.00,Czech,0.15,4.12,10669709.00,0.61,0.15,0.46,0.02,7887156.00,49.817492,15.472962
Dominican Republic,225.00,DO,0.49,48670.00,71000.00,19.51,1,Santo Domingo,25258.00,135.5,0.02,DOP,2.35,0.42,1.07,"$88,941,298,258 ",1.06,0.60,24.1,Santo Domingo,73.9,95,0.40,Spanish,0.44,1.56,10738958.00,0.64,0.13,0.49,0.06,8787475.00,18.735693,-70.162651
Estonia,31.00,EE,0.23,45228.00,6000.00,10.9,372,Tallinn,16590.00,122.14,0.02,EUR,1.59,0.51,1.14,"$31,386,949,981 ",0.97,0.70,2.1,Tallinn,78.2,9,3.14,Estonian,0.23,4.48,1331824.00,0.64,0.21,0.48,0.05,916024.00,58.595272,25.013607
Fiji,49.00,FJ,0.23,18274.00,4000.00,21.28,679,Suva,2046.00,132.3,0.02,FJD,2.77,0.56,0.82,"$5,535,548,972 ",1.06,0.16,21.6,Suva,67.3,34,1.28,Fiji Hindi,0.21,0.84,889953.00,0.58,0.24,0.32,0.04,505048.00,-17.713371,178.065032
France,119.00,FR,0.52,643801.00,307000.00,11.3,33,Paris,303276.00,110.05,0.01,EUR,1.88,0.31,1.39,"$2,715,518,274,227 ",1.03,0.66,3.4,Paris,82.5,8,11.16,French,0.07,3.27,67059887.00,0.55,0.24,0.61,0.08,54123364.00,46.227638,2.213749
Gabon,9.00,GA,0.20,267667.00,7000.00,31.61,241,Libreville,5321.00,122.19,0.02,XAF,3.97,0.90,0.92,"$16,657,960,228 ",1.40,0.08,32.7,Libreville,66.2,252,1.46,French,0.26,0.68,2172579.00,0.53,0.10,0.47,0.20,1949694.00,-0.803689,11.609444
The Gambia,239.00,GM,0.60,11300.00,1000.00,38.54,220,Banjul,532.00,172.73,0.07,GMD,5.22,0.48,1.18,"$1,763,819,048 ",0.98,0.03,39,Serekunda,61.7,597,0.13,English,0.20,0.1,2347706.00,0.59,0.09,0.48,0.09,1453958.00,13.443182,-15.310139
Georgia,57.00,GE,0.35,69700.00,26000.00,13.47,995,Tbilisi,10128.00,133.61,0.05,GEL,2.06,0.41,0.76,"$17,743,195,770 ",0.99,0.64,8.7,Tbilisi,73.6,25,0.05,Georgian,0.57,7.12,3720382.00,0.68,0.22,0.10,0.14,2196476.00,42.315407,43.356892
Germany,240.00,DE,0.48,357022.00,180000.00,9.5,49,Berlin,727973.00,112.85,0.01,EUR,1.56,0.33,1.39,"$3,845,630,030,824 ",1.04,0.70,3.1,Berlin,80.9,7,9.99,German,0.13,4.25,83132799.00,0.61,0.12,0.49,0.03,64324835.00,51.165691,10.451526
Ghana,137.00,GH,0.69,238533.00,16000.00,29.41,233,Accra,16670.00,268.36,0.07,GHS,3.87,0.41,0.92,"$66,983,634,224 ",1.05,0.16,34.9,Accra,63.8,308,0.27,English,0.36,0.14,30792608.00,0.68,0.13,0.55,0.04,17249054.00,7.946527,-1.023194
Greece,81.00,GR,0.48,131957.00,146000.00,8.1,30,Athens,62434.00,101.87,0.00,EUR,1.35,0.32,1.54,"$209,852,761,469 ",1.00,1.37,3.6,Macedonia,81.3,3,4.46,Greek,0.36,5.48,10716322.00,0.52,0.26,0.52,0.17,8507474.00,39.074208,21.824312
Guatemala,167.00,GT,0.36,108889.00,43000.00,24.56,502,Guatemala City,16777.00,142.92,0.04,GTQ,2.87,0.33,0.79,"$76,710,385,880 ",1.02,0.22,22.1,Guatemala City,74.1,95,1.60,Spanish,0.56,0.35,16604026.00,0.62,0.11,0.35,0.02,8540945.00,15.783471,-90.230759
Guinea,53.00,GN,0.59,245857.00,13000.00,36.36,224,Conakry,2996.00,262.95,0.10,GNF,4.7,0.26,0.90,"$13,590,281,809 ",0.92,0.12,64.9,Kankan,61.2,576,,French,0.55,0.08,12771246.00,0.62,0.11,0.69,0.04,4661505.00,9.945587,-9.696645
Honduras,89.00,HN,0.29,112090.00,23000.00,21.6,504,Tegucigalpa,9813.00,150.34,0.04,HNL,2.46,0.40,0.98,"$25,095,395,475 ",0.92,0.26,15.1,Tegucigalpa,75.1,65,1.01,Spanish,0.49,0.31,9746117.00,0.69,0.17,0.39,0.05,5626433.00,15.199999,-86.241905
Hungary,107.00,HU,0.58,93028.00,40000.00,9.6,36,Budapest,45537.00,121.64,0.03,HUF,1.54,0.23,1.18,"$160,967,157,504 ",1.01,0.49,3.6,Budapest,75.8,12,2.62,Hungarian,0.29,3.41,9769949.00,0.57,0.23,0.38,0.03,6999582.00,47.162494,19.503304
Iceland,3.00,IS,0.19,103000.00,0.00,12,354,Reykjav・ｿｽ・ｿｽ,2065.00,129,0.03,ISK,1.71,0.01,1.69,"$24,188,035,739 ",1.00,0.72,1.5,Reykjav・ｿｽ・ｿｽ,82.7,4,,Icelandic,0.17,4.08,361313.00,0.75,0.23,0.32,0.03,339110.00,64.963051,-19.020835
India,464.00,IN,0.60,3287263.00,3031000.00,17.86,91,New Delhi,2407672.00,180.44,0.08,INR,2.22,0.24,0.97,"$2,611,000,000,000 ",1.13,0.28,29.9,Kurebhar,69.4,145,0.30,Hindi,0.65,0.86,1366417754.00,0.49,0.11,0.50,0.05,471031528.00,20.593684,78.96288
Indonesia,151.00,ID,0.32,1904569.00,676000.00,18.07,62,Jakarta,563325.00,151.18,0.03,IDR,2.31,0.50,0.63,"$1,119,190,780,753 ",1.06,0.36,21.1,Kalimantan,71.5,177,0.48,Indonesian,0.48,0.43,270203917.00,0.68,0.10,0.30,0.05,151509724.00,-0.789275,113.921327
Iran,52.00,IR,0.28,1648195.00,563000.00,18.78,98,Tehran,661710.00,550.93,0.40,IRR,2.14,0.07,0.40,"$445,345,282,123 ",1.11,0.68,12.4,Tehran,76.5,16,1.58,Persian,0.40,1.58,82913906.00,0.45,0.07,0.45,0.11,62509623.00,32.427908,53.688046
Iraq,93.00,IQ,0.21,438317.00,209000.00,29.08,964,Baghdad,190061.00,119.86,0.00,IQD,3.67,0.02,0.61,"$234,094,042,939 ",1.09,0.16,22.5,Baghdad,70.5,79,1.24,Arabic,0.77,0.71,39309783.00,0.43,0.02,0.31,0.13,27783368.00,33.223191,43.679291
Republic of Ireland,72.00,,0.65,70273.00,9000.00,12.5,353,Dublin,37711.00,106.58,0.01,EUR,1.75,0.11,1.37,"$388,698,711,348 ",1.01,0.78,3.1,Connacht,82.3,5,10.79,Irish,0.15,3.31,5007069.00,0.62,0.18,0.26,0.05,3133123.00,53.41291,-8.24389
Israel,400.00,IL,0.25,20770.00,178000.00,20.8,972,Jerusalem,65166.00,108.15,0.01,ILS,3.09,0.08,1.57,"$395,098,666,122 ",1.05,0.63,3,Jerusalem,82.8,3,7.58,Hebrew,0.24,4.62,9053300.00,0.64,0.23,0.25,0.04,8374393.00,31.046051,34.851612
Jamaica,273.00,JM,0.41,10991.00,4000.00,16.1,1876,"Kingston, Jamaica",8225.00,162.47,0.04,JMD,1.98,0.31,1.11,"$16,458,071,068 ",0.91,0.27,12.4,"Kingston, Jamaica",74.4,80,1.33,Jamaican English,0.24,1.31,2948279.00,0.66,0.27,0.35,0.08,1650594.00,18.109581,-77.297508
Jordan,115.00,JO,0.12,89342.00,116000.00,21.98,962,Amman,25108.00,125.6,0.01,JOD,2.76,0.01,1.10,"$43,743,661,972 ",0.82,0.34,13.9,Amman,74.4,46,1.49,Arabic,0.25,2.32,10101694.00,0.39,0.15,0.29,0.15,9213048.00,30.585164,36.238414
Kazakhstan,7.00,KZ,0.80,2724900.00,71000.00,21.77,7,Astana,247207.00,182.75,0.05,KZT,2.84,0.01,0.42,"$180,161,741,180 ",1.04,0.62,8.8,Almaty,73.2,10,0.41,Russian,0.39,3.25,18513930.00,0.69,0.12,0.28,0.05,10652915.00,48.019573,66.923684
Kenya,94.00,KE,0.49,580367.00,29000.00,28.75,254,Nairobi,17910.00,180.51,0.05,KES,3.49,0.08,0.95,"$95,503,088,538 ",1.03,0.12,30.6,Nairobi,66.3,342,0.25,Swahili,0.33,0.16,52573973.00,0.75,0.15,0.37,0.03,14461523.00,-0.023559,37.906193
Kuwait,240.00,KW,0.08,17818.00,25000.00,13.94,965,Kuwait City,98734.00,126.6,0.01,KWD,2.08,0.00,0.35,"$134,761,198,946 ",0.92,0.54,6.7,Kuwait City,75.4,12,0.95,Modern Standard Arabic,0.14,2.58,4207083.00,0.74,0.01,0.13,0.02,4207083.00,29.31166,47.481766
Kyrgyzstan,34.00,KG,0.55,199951.00,21000.00,27.1,996,Bishkek,9787.00,155.68,0.01,KGS,3.3,0.03,0.56,"$8,454,619,608 ",1.08,0.41,16.9,Bishkek,71.4,60,0.09,Russian,0.48,1.88,6456900.00,0.60,0.18,0.29,0.06,2362644.00,41.20438,74.766098
Laos,32.00,LA,0.10,236800.00,129000.00,23.55,856,Vientiane,17763.00,135.87,0.03,LAK,2.67,0.82,0.93,"$18,173,839,128 ",1.02,0.15,37.6,Vientiane,67.6,185,0.83,Lao,0.45,0.37,7169455.00,0.79,0.13,0.24,0.01,2555552.00,19.85627,102.495496
Latvia,30.00,LV,0.31,64589.00,6000.00,10,371,Riga,7004.00,116.86,0.03,EUR,1.6,0.54,1.16,"$34,117,202,555 ",0.99,0.88,3.3,Riga,74.7,19,2.80,Latvian,0.42,3.19,1912789.00,0.61,0.23,0.38,0.07,1304943.00,56.879635,24.603189
Lebanon,667.00,LB,0.64,10400.00,80000.00,17.55,961,Beirut,24796.00,130.02,0.03,LBP,2.09,0.13,0.74,"$53,367,042,272 ",0.95,0.26,6.4,"Tripoli, Lebanon",78.9,29,2.15,Arabic,0.32,2.1,6855713.00,0.47,0.15,0.32,0.06,6084994.00,33.854721,35.862285
Luxembourg,242.00,LU,0.54,2586.00,2000.00,10.3,352,Luxembourg City,8988.00,115.09,0.02,EUR,1.37,0.36,1.19,"$71,104,919,108 ",1.02,0.19,1.9,Luxembourg City,82.1,5,13.05,Luxembourgish,0.11,3.01,645397.00,0.59,0.27,0.20,0.05,565488.00,49.815273,6.129583
Madagascar,48.00,MG,0.71,587041.00,22000.00,32.66,261,Antananarivo,3905.00,184.33,0.06,MGA,4.08,0.21,1.11,"$14,083,906,357 ",1.43,0.05,38.2,Antananarivo,66.7,335,0.21,French,0.22,0.18,26969307.00,0.86,0.10,0.38,0.02,10210849.00,-18.766947,46.869107
Malawi,203.00,MW,0.61,118484.00,15000.00,34.12,265,Lilongwe,1298.00,418.34,0.09,MWK,4.21,0.33,1.15,"$7,666,704,427 ",1.43,0.01,35.3,Lilongwe,63.8,349,0.12,English,0.11,0.04,18628747.00,0.77,0.17,0.35,0.06,3199301.00,-13.254308,34.301525
Malaysia,99.00,MY,0.26,329847.00,136000.00,16.75,60,Kuala Lumpur,248289.00,121.46,0.01,MYR,2,0.68,0.45,"$364,701,517,788 ",1.05,0.45,6.7,Johor Bahru,76,29,0.93,Malaysian language,0.37,1.51,32447385.00,0.64,0.12,0.39,0.03,24475766.00,4.210484,101.975766
Mali,17.00,ML,0.34,1240192.00,18000.00,41.54,223,Bamako,3179.00,108.73,-0.02,XOF,5.88,0.04,1.12,"$17,510,141,171 ",0.76,0.05,62,Bamako,58.9,562,0.23,French,0.46,0.13,19658031.00,0.71,0.12,0.55,0.07,8479688.00,17.570692,-3.996166
Malta,1380.00,MT,0.32,316.00,2000.00,9.2,356,Valletta,1342.00,113.45,0.02,EUR,1.23,0.01,1.36,"$14,786,156,563 ",1.05,0.54,6.1,Birkirkara,82.3,6,5.07,Maltese,0.37,2.86,502653.00,0.57,0.26,0.44,0.03,475902.00,35.937496,14.375416
Mauritius,626.00,MU,0.42,2040.00,3000.00,10.2,230,Port Louis,4349.00,129.91,0.00,MUR,1.41,0.19,1.12,"$14,180,444,557 ",1.01,0.41,13.6,Port Louis,74.4,61,0.38,French,0.51,2.53,1265711.00,0.58,0.19,0.22,0.07,515980.00,-20.348404,57.552152
Mexico,66.00,MX,0.55,1964375.00,336000.00,17.6,52,Mexico City,486406.00,141.54,0.04,MXN,2.13,0.34,0.73,"$1,258,286,717,125 ",1.06,0.40,11,Mexico City,75,33,0.49,None,0.41,2.38,126014024.00,0.61,0.13,0.55,0.03,102626859.00,23.634501,-102.552784
Moldova,123.00,MD,0.74,33851.00,7000.00,10.1,373,Chi・ｿｽ・ｿｽ・ｿｽ・ｿｽ,5115.00,166.2,0.05,MDL,1.26,0.13,0.80,"$11,955,435,457 ",0.91,0.40,13.6,Chi・ｿｽ・ｿｽ・ｿｽ・ｿｽ,71.8,19,0.31,Romanian,0.46,3.21,2657637.00,0.43,0.18,0.39,0.05,1135502.00,47.411631,28.369885
Mongolia,2.00,MN,0.72,1564116.00,18000.00,24.13,976,Ulaanbaatar,25368.00,195.76,0.07,MNT,2.9,0.08,0.72,"$13,852,850,259 ",1.04,0.66,14,Ulaanbaatar,69.7,45,0.65,Mongolian,0.39,2.86,3225167.00,0.60,0.17,0.26,0.06,2210626.00,46.862496,103.846656
Morocco,83.00,MA,0.69,446550.00,246000.00,18.94,212,Rabat,61276.00,111.07,0.00,MAD,2.42,0.13,0.99,"$118,725,279,596 ",1.14,0.36,19.2,Casablanca,76.5,70,1.60,Arabic,0.53,0.73,36910560.00,0.45,0.22,0.46,0.09,22975026.00,31.791702,-7.09262
Mozambique,40.00,MZ,0.64,799380.00,11000.00,37.52,258,Maputo,7943.00,182.31,0.03,MZN,4.85,0.48,0.65,"$14,934,159,926 ",1.13,0.07,54,Maputo,60.2,289,0.27,Portuguese,0.07,0.08,30366036.00,0.78,0.00,0.36,0.03,11092106.00,-18.665695,35.529562
Myanmar,83.00,MM,0.20,676578.00,513000.00,17.55,95,Naypyidaw,25280.00,168.18,0.09,MMK,2.15,0.44,0.54,"$76,085,852,617 ",1.12,0.19,36.8,Yangon,66.9,250,0.39,Burmese,0.74,0.68,54045420.00,0.62,0.05,0.31,0.02,16674093.00,21.916221,95.955974
Nepal,203.00,NP,0.29,147181.00,112000.00,19.89,977,Kathmandu,9105.00,188.73,0.06,NPR,1.92,0.25,0.91,"$30,641,380,604 ",1.42,0.12,26.7,Kathmandu,70.5,186,0.36,Nepali,0.60,0.75,28608710.00,0.84,0.21,0.42,0.01,5765513.00,28.394857,84.124008
New Zealand,18.00,NZ,0.41,268838.00,9000.00,11.98,64,Wellington,34382.00,114.24,0.02,NZD,1.71,0.39,1.40,"$206,928,765,544 ",1.00,0.82,4.7,Auckland,81.9,9,11.49,English,0.13,3.59,4841000.00,0.70,0.29,0.35,0.04,4258860.00,-40.900557,174.885971
Nicaragua,55.00,NI,0.42,130370.00,12000.00,20.64,505,Managua,5592.00,162.74,0.05,NIO,2.4,0.26,0.91,"$12,520,915,291 ",1.21,0.17,15.7,Managua,74.3,98,0.54,Spanish,0.36,0.98,6545502.00,0.66,0.16,0.61,0.07,3846137.00,12.865416,-85.207229
Niger,19.00,NE,0.36,1267000.00,10000.00,46.08,227,Niamey,2017.00,109.32,-0.03,XOF,6.91,0.01,0.88,"$12,928,145,120 ",0.75,0.04,48,Niamey,62,509,0.29,French,0.52,0.04,23310715.00,0.72,0.12,0.47,0.00,3850231.00,17.607789,8.081666
Nigeria,226.00,NG,0.78,923768.00,215000.00,37.91,234,Abuja,120369.00,267.51,0.11,NGN,5.39,0.07,0.46,"$448,120,428,859 ",0.85,0.10,75.7,Lagos,54.3,917,0.54,English,0.72,0.38,200963599.00,0.53,0.02,0.35,0.08,102806948.00,9.081999,8.675277
Oman,16.00,OM,0.05,309500.00,47000.00,19.19,968,Muscat,63457.00,113.53,0.00,OMR,2.89,0.00,0.45,"$76,983,094,928 ",1.03,0.38,9.8,Seeb,77.6,19,4.33,Arabic,0.06,2,5266535.00,0.72,0.03,0.27,0.03,4250777.00,21.4735329,55.975413
Pakistan,287.00,PK,0.48,796095.00,936000.00,28.25,92,Islamabad,201150.00,182.32,0.11,PKR,3.51,0.02,0.79,"$304,400,000,000 ",0.94,0.09,57.2,Karachi,67.1,140,0.69,Urdu,0.67,0.98,216565318.00,0.53,0.09,0.34,0.04,79927762.00,30.375321,69.345116
Papua New Guinea,20.00,PG,0.03,462840.00,4000.00,27.07,675,Port Moresby,7536.00,155.99,0.04,PGK,3.56,0.74,1.36,"$24,969,611,435 ",1.09,0.02,38,Port Moresby,64.3,145,1.16,Tok Pisin,0.06,0.07,8776109.00,0.47,0.14,0.37,0.02,1162834.00,-6.314993,143.95555
Paraguay,18.00,PY,0.55,406752.00,27000.00,20.57,595,Asunci・ｿｽ・ｿｽ,7407.00,143.82,0.03,PYG,2.43,0.38,1.04,"$38,145,288,940 ",1.04,0.35,17.2,Ciudad del Este,74.1,129,1.55,Spanish,0.37,1.35,7044636.00,0.72,0.10,0.35,0.05,4359150.00,-23.442503,-58.443832
Peru,26.00,PE,0.19,1285216.00,158000.00,17.95,51,Lima,57414.00,129.78,0.02,PEN,2.25,0.58,0.99,"$226,848,050,820 ",1.07,0.71,11.1,Lima,76.5,88,1.28,Spanish,0.31,1.27,32510453.00,0.78,0.14,0.37,0.03,25390339.00,-9.189967,-75.015152
Philippines,368.00,PH,0.42,300000.00,153000.00,20.55,63,Manila,122287.00,129.61,0.03,PHP,2.58,0.28,0.86,"$376,795,508,680 ",1.08,0.36,22.5,Manila,71.1,121,1.12,English,0.54,0.6,108116615.00,0.60,0.14,0.43,0.02,50975903.00,12.879721,121.774017
Poland,124.00,PL,0.47,312685.00,191000.00,10.2,48,Warsaw,299037.00,114.11,0.02,PLN,1.46,0.31,1.07,"$592,164,400,688 ",1.00,0.68,3.8,Warsaw,77.6,2,2.93,Polish,0.23,2.38,37970874.00,0.57,0.17,0.41,0.03,22796574.00,51.919438,19.145136
Portugal,111.00,PT,0.40,92212.00,52000.00,8.5,351,Lisbon,48742.00,110.62,0.00,EUR,1.38,0.35,1.54,"$237,686,075,635 ",1.06,0.64,3.1,Lisbon,81.3,8,3.78,Portuguese,0.28,5.12,10269417.00,0.59,0.23,0.40,0.06,6753579.00,39.399872,-8.224454
Romania,84.00,RO,0.59,238391.00,126000.00,9.6,40,Bucharest,69259.00,123.78,0.04,RON,1.71,0.30,1.16,"$250,077,444,017 ",0.85,0.49,6.1,Bucharest,75.4,19,2.25,Romanian,0.21,2.98,19356544.00,0.55,0.15,0.20,0.04,10468793.00,45.943161,24.96676
Russia,9.00,RU,0.13,17098240.00,1454000.00,11.5,7,Moscow,1732027.00,180.75,0.05,RUB,1.57,0.50,0.59,"$1,699,876,578,871 ",1.03,0.82,6.1,Moscow,72.7,17,0.53,Russian,0.36,4.01,144373535.00,0.62,0.11,0.46,0.05,107683889.00,61.52401,105.318756
Saudi Arabia,16.00,SA,0.81,2149690.00,252000.00,17.8,966,Riyadh,563449.00,118.4,-0.01,SAR,2.32,0.01,0.24,"$792,966,838,162 ",1.00,0.68,6,Riyadh,75,17,3.85,Arabic,0.15,2.61,34268528.00,0.56,0.09,0.16,0.06,28807838.00,23.885942,45.079162
Senegal,87.00,SN,0.46,196722.00,19000.00,34.52,221,Dakar,10902.00,109.25,0.02,XOF,4.63,0.43,1.14,"$23,578,084,052 ",0.81,0.13,31.8,Pikine,67.7,315,0.31,French,0.44,0.07,16296364.00,0.46,0.16,0.45,0.07,7765706.00,14.497401,-14.452362
Serbia,100.00,RS,0.39,77474.00,32000.00,9.2,381,Belgrade,45221.00,144,0.02,RSD,1.49,0.31,1.16,"$51,409,167,351 ",1.00,0.67,4.8,Belgrade,75.5,12,1.57,Serbian,0.41,3.11,6944975.00,0.55,0.19,0.37,0.13,3907243.00,44.016521,21.005859
Sierra Leone,111.00,SL,0.55,71740.00,9000.00,33.41,232,Freetown,1093.00,234.16,0.15,SLL,4.26,0.43,1.08,"$3,941,474,311 ",1.13,0.02,78.5,Freetown,54.3,1120,0.57,English,0.38,0.03,7813215.00,0.58,0.09,0.31,0.04,3319366.00,8.460555,-11.779889
Slovenia,103.00,SI,0.31,20273.00,7000.00,9.4,386,Ljubljana,12633.00,111.05,0.02,EUR,1.6,0.62,1.32,"$53,742,159,517 ",1.00,0.79,1.7,Ljubljana,81,7,5.25,Slovene language,0.13,3.09,2087946.00,0.58,0.19,0.31,0.04,1144654.00,46.151241,14.995463
South Korea,527.00,KR,0.17,99720.00,634000.00,6.4,82,Seoul,620302.00,115.16,0.00,KRW,0.98,0.63,1.22,"$2,029,000,000,000 ",0.98,0.94,2.7,Seoul,82.6,11,6.49,Korean,0.37,2.36,51709098.00,0.63,0.16,0.33,0.04,42106719.00,35.907757,127.766922
Spain,94.00,ES,0.53,505370.00,196000.00,7.9,34,Madrid,244002.00,110.96,0.01,EUR,1.26,0.37,1.26,"$1,394,116,310,769 ",1.03,0.89,2.5,Madrid,83.3,4,5.60,Spanish,0.24,3.87,47076781.00,0.58,0.14,0.47,0.14,37927409.00,40.463667,-3.74922
Sri Lanka,341.00,LK,0.44,65610.00,317000.00,15.83,94,Colombo,23362.00,155.53,0.04,LKR,2.2,0.33,0.88,"$84,008,783,756 ",1.00,0.20,6.4,Colombo,76.8,36,0.35,Tamil,0.38,1,21803000.00,0.54,0.12,0.55,0.04,4052088.00,7.873054,80.771797
Sudan,25.00,SD,0.29,1861484.00,124000.00,32.18,249,Khartoum,20000.00,"1,344.19",0.51,SDG,4.41,0.08,0.95,"$18,902,284,476 ",0.77,0.17,42.1,Omdurman,65.1,295,0.41,Arabic,0.63,0.26,42813238.00,0.48,0.08,0.45,0.17,14957233.00,12.862807,30.217636
Syria,95.00,SY,0.76,185180.00,239000.00,23.69,963,Damascus,28830.00,143.2,0.37,SYP,2.81,0.03,0.83,"$40,405,006,007 ",0.82,0.40,14,Damascus,71.8,31,1.02,Arabic,0.54,1.22,17070135.00,0.44,0.14,0.43,0.08,9358019.00,34.802075,38.996815
Tajikistan,68.00,TJ,0.34,144100.00,17000.00,30.76,992,Dushanbe,5310.00,148.57,0.06,TJS,3.59,0.03,0.71,"$8,116,626,794 ",1.01,0.31,30.4,Dushanbe,70.9,17,0.23,Persian,0.63,1.7,9321018.00,0.42,0.10,0.67,0.11,2545477.00,38.861034,71.276093
Tanzania,67.00,TZ,0.45,947300.00,28000.00,36.7,255,Dodoma,11973.00,187.43,0.04,TZS,4.89,0.52,0.87,"$63,177,068,175 ",0.94,0.04,37.6,Dar es Salaam,65,524,0.09,Swahili,0.26,0.01,58005463.00,0.83,0.12,0.44,0.02,20011885.00,-6.369028,34.888822
Thailand,137.00,TH,0.43,513120.00,455000.00,10.34,66,Bangkok,283763.00,113.27,0.01,THB,1.53,0.32,0.71,"$543,649,976,166 ",1.00,0.49,7.8,Bangkok,76.9,37,1.06,Thai,0.12,0.81,69625582.00,0.67,0.15,0.30,0.01,35294600.00,15.870032,100.992541
East Timor,89.00,TL,0.26,14874.00,2000.00,29.42,670,Dili,495.00,145.38,0.03,USD,4.02,0.45,1.10,"$1,673,540,300 ",1.15,0.18,39.3,Dili,69.3,142,0.60,Portuguese,0.10,0.72,3500000.00,0.67,0.25,0.17,0.05,400182.00,-8.874217,125.727539
Togo,152.00,TG,0.70,56785.00,10000.00,33.11,228,Lom・ｿｽ,3000.00,113.3,0.01,XOF,4.32,0.03,0.71,"$5,459,979,417 ",1.24,0.15,47.4,Lom・ｿｽ,60.8,396,0.34,French,0.51,0.08,8082366.00,0.78,0.17,0.48,0.02,3414638.00,8.619543,0.824782
Trinidad and Tobago,273.00,TT,0.11,5128.00,4000.00,12.94,1,Port of Spain,43868.00,141.75,0.01,TTD,1.73,0.46,0.54,"$24,100,202,834 ",1.06,0.12,16.4,Chaguanas,73.4,67,2.25,English,0.37,4.17,1394973.00,0.60,0.20,0.41,0.03,741944.00,10.691803,-61.222503
Tunisia,76.00,TN,0.65,163610.00,48000.00,17.56,216,Tunis,29937.00,155.33,0.07,TND,2.2,0.07,0.73,"$38,797,709,924 ",1.15,0.32,14.6,Tunis,76.5,43,0.47,Arabic,0.40,1.3,11694719.00,0.46,0.21,0.61,0.16,8099061.00,33.886917,9.537499
Turkey,110.00,TR,0.50,783562.00,512000.00,16.03,90,Ankara,372725.00,234.44,0.15,TRY,2.07,0.15,1.42,"$754,411,708,203 ",0.93,0.24,9.1,Istanbul,77.4,17,3.45,Turkish,0.17,1.85,83429615.00,0.53,0.18,0.42,0.13,63097818.00,38.963745,35.243322
Uganda,229.00,UG,0.72,241038.00,46000.00,38.14,256,Kampala,5680.00,173.87,0.03,UGX,4.96,0.10,0.94,"$34,387,229,486 ",1.03,0.05,33.8,Buganda,63,375,0.01,Swahili,0.41,0.17,44269594.00,0.70,0.12,0.34,0.02,10784516.00,1.373333,32.290275
Ukraine,75.00,UA,0.72,603550.00,297000.00,8.7,380,Kyiv,202250.00,281.66,0.08,UAH,1.3,0.17,0.83,"$153,781,069,118 ",0.99,0.83,7.5,Kyiv,71.6,19,0.84,Ukrainian,0.48,2.99,44385155.00,0.54,0.20,0.45,0.09,30835699.00,48.379433,31.16558
United Kingdom,281.00,GB,0.72,243610.00,148000.00,11,44,London,379025.00,119.62,0.02,GBP,1.68,0.13,1.46,"$2,827,113,184,696 ",1.01,0.60,3.6,London,81.3,7,10.13,English,0.15,2.81,66834405.00,0.63,0.26,0.31,0.04,55908316.00,55.378051,-3.435973
United States,36.00,US,0.44,9833517.00,1359000.00,11.6,1,"Washington, D.C.",5006302.00,117.24,0.08,USD,1.73,0.34,0.71,"$21,427,700,000,000 ",1.02,0.88,5.6,New York City,78.5,19,7.25,None,0.11,2.61,328239523.00,0.62,0.10,0.37,0.15,270663028.00,37.09024,-95.712891
Uruguay,20.00,UY,0.83,176215.00,22000.00,13.86,598,Montevideo,6766.00,202.92,0.08,UYU,1.97,0.11,1.50,"$56,045,912,952 ",1.09,0.63,6.4,Montevideo,77.8,17,1.66,Spanish,0.16,5.05,3461734.00,0.64,0.20,0.42,0.09,3303394.00,-32.522779,-55.765835
Vietnam,314.00,VN,0.39,331210.00,522000.00,16.75,84,Hanoi,192668.00,163.52,0.03,VND,2.05,0.48,0.80,"$261,921,244,843 ",1.11,0.29,16.5,Ho Chi Minh City,75.3,43,0.73,Vietnamese,0.44,0.82,96462106.00,0.77,0.19,0.38,0.02,35332140.00,14.058324,108.277199
Zambia,25.00,ZM,0.32,752618.00,16000.00,36.19,260,Lusaka,5141.00,212.31,0.09,ZMW,4.63,0.65,1.40,"$23,064,722,446 ",0.99,0.04,40.4,Lusaka,63.5,213,0.24,English,0.28,1.19,17861030.00,0.75,0.16,0.16,0.11,7871713.00,-13.133897,27.849332
Zimbabwe,38.00,ZW,0.42,390757.00,51000.00,30.68,263,Harare,10983.00,105.51,0.01,,3.62,0.36,1.34,"$21,440,758,800 ",1.10,0.10,33.9,Harare,61.2,458,,Shona,0.26,0.21,14645468.00,0.83,0.21,0.32,0.05,4717305.00,-19.015438,29.154857
